Campaign,Negative Keyword,Match Type
B2B HVAC Industri,lowongan,Broad
B2B HVAC Industri,lowongan kerja,Broad
B2B HVAC Industri,loker,Broad
B2B HVAC Industri,info loker,Broad
B2B HVAC Industri,gaji,Broad
B2B HVAC Industri,gaji teknisi,Broad
B2B HVAC Industri,magang,Broad
B2B HVAC Industri,internship,Broad
B2B HVAC Industri,job,Broad
B2B HVAC Industri,karir,Broad
B2B HVAC Industri,recruitment,Broad
B2B HVAC Industri,bursa kerja,Broad
B2B HVAC Industri,lamaran,Broad
B2B HVAC Industri,surat lamaran,Broad
B2B HVAC Industri,cara memperbaiki,Broad
B2B HVAC Industri,cara servis sendiri,Broad
B2B HVAC Industri,tutorial,Broad
B2B HVAC Industri,belajar,Broad
B2B HVAC Industri,kursus,Broad
B2B HVAC Industri,pelatihan,Broad
B2B HVAC Industri,skema,Broad
B2B HVAC Industri,skema kelistrikan,Broad
B2B HVAC Industri,diagram,Broad
B2B HVAC Industri,wiring diagram,Broad
B2B HVAC Industri,rangkaian,Broad
B2B HVAC Industri,modul belajar,Broad
B2B HVAC Industri,makalah,Broad
B2B HVAC Industri,skripsi,Broad
B2B HVAC Industri,buku,Broad
B2B HVAC Industri,pdf,Broad
B2B HVAC Industri,youtube,Broad
B2B HVAC Industri,video,Broad
B2B HVAC Industri,tokopedia,Broad
B2B HVAC Industri,shopee,Broad
B2B HVAC Industri,bukalapak,Broad
B2B HVAC Industri,lazada,Broad
B2B HVAC Industri,harga remote ac,Broad
B2B HVAC Industri,kapasitor 15 uf,Broad
B2B HVAC Industri,modul ac bekas,Broad
B2B HVAC Industri,jual beli bekas,Broad
B2B HVAC Industri,olx,Broad
B2B HVAC Industri,ac mobil,Broad
B2B HVAC Industri,service ac mobil terdekat,Broad
B2B HVAC Industri,bengkel ac mobil,Broad
B2B HVAC Industri,kulkas,Broad
B2B HVAC Industri,mesin cuci,Broad
B2B HVAC Industri,dispenser,Broad
B2B HVAC Industri,freezer daging rumahan,Broad
B2B HVAC Industri,kipas angin,Broad
B2B HVAC Industri,air cooler mini,Broad
B2B HVAC Industri,portable ac kaskus,Broad
B2C Service AC Rumah,lowongan,Broad
B2C Service AC Rumah,lowongan kerja,Broad
B2C Service AC Rumah,loker,Broad
B2C Service AC Rumah,gaji,Broad
B2C Service AC Rumah,magang,Broad
B2C Service AC Rumah,cara servis sendiri,Broad
B2C Service AC Rumah,tutorial,Broad
B2C Service AC Rumah,skema,Broad
B2C Service AC Rumah,diagram,Broad
B2C Service AC Rumah,youtube,Broad
B2C Service AC Rumah,ac mobil,Broad
B2C Service AC Rumah,kulkas,Broad
B2C Service AC Rumah,mesin cuci,Broad
B2C Service AC Rumah,dispenser,Broad
